locationID,Latitude,Longitude
AKA,52.2203,-174.2064
AKH,35.2028,-81.15
AKI,60.9028,-161.2306
AKK,56.9386,-154.1825
AKN,58.6764,-156.6486
AKO,40.1756,-103.2219
AKP,68.1336,-151.7433
AKQ,36.9872,-77.0011
AKR,41.0375,-81.4669
AKW,55.5792,-133.0761
ALB,42.7492,-73.8019
ALI,27.7409,-98.0269
ALM,32.84,-105.9906
ALN,38.8903,-90.0461
ALO,42.5572,-92.4003
ALS,37.435,-105.8667
ALW,46.0947,-118.2889
ALX,32.9147,-85.9631
AMA,35.2194,-101.7058
AMG,31.5361,-82.5067
AMN,43.3222,-84.6881
AMT,38.8514,-83.5664
AMW,41.9919,-93.6219
ANB,33.5881,-85.8581
ANC,61.1744,-149.9964
AND,34.4944,-82.7094
ANE,45.145,-93.2103
ANI,61.5817,-159.5431
ANJ,46.4792,-84.3683
ANK,38.5383,-106.0486
ANN,55.0425,-131.5722
ANP,38.9428,-76.5683
ANQ,41.6397,-85.0836
ANV,62.6467,-160.1906
ANW,42.5792,-99.9931
ANY,37.1586,-98.0797
AOC,43.6036,-113.3342
AOH,40.7069,-84.0267
AOO,40.2964,-78.32
AOV,36.9719,-92.6819
APA,39.57,-104.8494
APC,38.2133,-122.2806
APF,26.1523,-81.7758
APG,39.4661,-76.1689
APH,38.0689,-77.3183
APN,45.0781,-83.5603
APT,35.0606,-85.5853
APV,34.5753,-117.1861
APY,26.9688,-99.2489
AQH,59.755,-161.8453
AQO,30.7836,-98.6619
AQP,45.2275,-96.0044
AQR,34.3983,-96.1481
AQT,70.21,-151.0056
AQW,42.6961,-73.1703
AQY,60.9661,-149.1258
ARA,30.0378,-91.8839
ARB,42.2231,-83.7456
ARC,68.1147,-145.5794
ARG,36.1247,-90.925
ARM,29.2542,-96.1544
ARR,41.7719,-88.4756
ART,43.9919,-76.0217
ARV,45.9278,-89.7308
ARW,32.4122,-80.6344
ASD,30.3464,-89.8208
ASE,39.2231,-106.8689
ASG,36.1764,-94.1192
ASH,42.7817,-71.5147
ASJ,36.2975,-77.1708
ASL,32.5206,-94.3078
ASN,33.5694,-86.0511
AST,46.1581,-123.8786
ASW,41.2747,-85.84
ASX,46.5486,-90.9189
ASY,46.0239,-99.3525
ATA,33.1017,-94.1953
ATK,70.4672,-157.4358
ATL,33.6367,-84.4281
ATS,32.8525,-104.4678
ATU,52.8283,-173.1803
ATW,44.2581,-88.5192
ATY,44.9139,-97.1547
AUG,44.3206,-69.7972
AUH,40.8942,-97.9944
AUK,62.68,-164.66
AUM,43.6628,-92.9328
AUN,38.9547,-121.0817
AUO,32.615,-85.4339
AUS,30.1944,-97.67
AUW,44.9264,-89.6269
AVC,36.6883,-78.0544
AVK,36.7731,-98.67
AVL,35.4361,-82.5417
AVO,27.5913,-81.5289
AVP,41.3383,-75.7233
AVQ,32.4094,-111.2183
AVX,33.405,-118.4158
AWG,41.275,-91.6753
AWI,70.6381,-159.9947
AWK,19.28,-166.6417
AWM,35.135,-90.2344
AWO,48.1608,-122.1589
AXA,43.0778,-94.2719
AXH,29.5061,-95.4769
AXN,45.8664,-95.3947
AXQ,41.225,-79.4422
AXS,34.6989,-99.3383
AXV,40.4936,-84.2981
AXX,36.4219,-105.29
AYS,31.2492,-82.3956
AYX,35.3925,-86.0858
AZC,36.96,-113.0139
AZE,31.8847,-82.6475
AZO,42.2344,-85.5517
AZU,35.275,-94.2253
BAB,39.1361,-121.4364
BAD,32.5019,-93.6625
BAF,42.1578,-72.7156
BAK,39.2619,-85.8964
BAM,40.5992,-116.8744
BAX,43.7803,-82.9856
BAZ,29.7044,-98.0422
BBB,45.3319,-95.6506
BBD,31.1792,-99.3239
BBG,36.5322,-93.2006
BBP,34.6217,-79.7344
BBW,41.4364,-99.6422
BCB,37.2078,-80.4078
BCE,37.7064,-112.1458
BCK,44.2508,-90.8553
BCT,26.3785,-80.1078
BCV,61.4161,-149.5083
BDE,48.7283,-94.6122
BDG,37.5833,-109.4833
BDH,45.1178,-95.1306
BDJ,46.1375,-89.6461
BDL,41.9389,-72.6833
BDN,44.0944,-121.2003
BDQ,35.1361,-92.7136
BDR,41.1633,-73.1261
BDU,40.0394,-105.2258
BEA,28.3619,-97.7911
BEC,37.6944,-97.215
BED,42.47,-71.2892
BEH,42.1286,-86.4286
BET,60.7797,-161.8381
BFA,45.1658,-84.9242
BFD,41.8031,-78.64
BFE,33.1731,-102.1931
BFF,41.8739,-103.5956
BFI,47.53,-122.3019
BFK,36.8633,-99.6186
BFL,35.4339,-119.0578
BFM,30.6267,-88.0681
BFR,38.84,-86.4453
BFW,47.2489,-91.4156
BGD,35.7008,-101.3936
BGE,30.9717,-84.6369
BGF,35.1775,-86.0661
BGM,42.2086,-75.9797
BGQ,61.5361,-149.8139
BGR,44.8075,-68.8281
BHB,44.4497,-68.3617
BHC,31.7139,-82.3939
BHK,46.3478,-104.2594
BHM,33.5639,-86.7522
BID,41.1681,-71.5778
BIE,40.3014,-96.7542
BIF,31.8494,-106.38
BIG,63.995,-145.72
BIH,37.3731,-118.3636
BIJ,31.3975,-84.8947
BIL,45.8078,-108.5428
BIS,46.7728,-100.7458
BIV,42.7428,-86.1072
BIX,30.4106,-88.9244
BJC,39.9089,-105.1172
BJI,47.5108,-94.9347
BJJ,40.8747,-81.8883
BKD,32.7189,-98.8917
BKE,44.8372,-117.8092
BKF,39.7017,-104.7517
BKH,22.0228,-159.785
BKL,41.5175,-81.6833
BKN,36.745,-97.3494
BKS,27.206,-98.1211
BKT,37.0744,-77.9572
BKV,28.4736,-82.4556
BKW,37.7872,-81.1242
BKX,44.3047,-96.8169
BLF,37.2958,-81.2078
BLG,61.1722,-151.0439
BLH,33.6192,-114.7169
BLI,48.7928,-122.5375
BLM,40.1869,-74.125
BLU,39.275,-120.7097
BLV,38.5453,-89.8353
BMC,41.5525,-112.0622
BMG,39.1461,-86.6167
BMI,40.4772,-88.9158
BML,44.5753,-71.1758
BMQ,30.7389,-98.2386
BMT,30.0703,-94.215
BNA,36.1244,-86.6783
BNG,33.9225,-116.8506
BNL,33.2578,-81.3883
BNO,43.5919,-118.9556
BNW,42.0494,-93.8475
BOI,43.5644,-116.2228
BOK,42.0744,-124.29
BOS,42.3631,-71.0064
BOW,27.9433,-81.7833
BPC,35.8892,-101.03
BPG,32.2125,-101.5217
BPI,42.585,-110.1111
BPK,36.3689,-92.4706
BPP,46.1869,-103.4281
BPT,29.9508,-94.0206
BQK,31.2592,-81.4664
BQN,18.4949,-67.1294
BQP,32.7561,-91.8806
BQR,42.9222,-78.6122
BRD,46.4017,-94.1356
BRL,40.7833,-91.1256
BRO,25.9068,-97.4258
BRW,71.2856,-156.7661
BRY,37.8144,-85.4997
BSF,19.76,-155.5539
BST,44.4094,-69.0119
BTA,41.4147,-96.1089
BTF,40.8694,-111.9272
BTI,70.1339,-143.5819
BTL,42.3072,-85.2514
BTM,45.9547,-112.4975
BTN,45.815,-97.7428
BTP,40.7767,-79.9511
BTR,30.5328,-91.15
BTT,66.9139,-151.5292
BTV,44.4719,-73.1533
BTY,36.8611,-116.7869
BUB,41.7767,-99.1497
BUF,42.9406,-78.7322
BUM,38.2897,-94.34
BUR,34.2006,-118.3586
BUU,42.6908,-88.3047
BUY,36.0486,-79.475
BVI,40.7725,-80.3914
BVK,65.9817,-161.1492
BVN,41.7286,-98.0558
BVO,36.7642,-96.0111
BVS,48.4708,-122.4208
BVU,35.9475,-114.8611
BVX,35.7261,-91.6475
BVY,42.5842,-70.9161
BWC,32.9931,-115.5169
BWD,31.7936,-98.9564
BWG,36.9644,-86.4197
BWI,39.1753,-76.6683
BWP,46.2442,-96.6072
BXA,30.8136,-89.865
BXG,33.0414,-82.0028
BXK,33.4206,-112.6861
BYA,64.0783,-141.1133
BYG,44.3811,-106.7217
BYH,35.9644,-89.9439
BYI,42.5425,-113.7717
BYS,35.2806,-116.63
BYY,28.9733,-95.8633
BZN,45.7775,-111.1519
CAD,44.2753,-85.4189
CAE,33.9389,-81.1194
CAG,40.4953,-107.5217
CAK,40.9161,-81.4422
CAO,36.4461,-103.15
CAR,46.8714,-68.0178
CAV,42.7419,-93.7589
CBE,39.6153,-78.7619
CBF,41.26,-95.7586
CBG,45.5575,-93.2642
CBK,39.4275,-101.0467
CBM,33.6453,-88.4458
CCA,35.5978,-92.4517
CCB,34.1117,-117.6875
CCO,33.3117,-84.7697
CCR,37.9897,-122.0569
CCY,43.0725,-92.6108
CDA,44.5692,-72.0181
CDB,55.2061,-162.7256
CDC,37.7008,-113.0989
CDH,33.6228,-92.7633
CDI,39.975,-81.5775
CDK,29.1342,-83.0506
CDN,34.2836,-80.565
CDR,42.8375,-103.0956
CDS,34.4339,-100.2881
CDV,60.4917,-145.4775
CDW,40.8753,-74.2814
CEA,37.6486,-97.2506
CEC,41.7803,-124.2367
CEF,42.1939,-72.5347
CEK,40.6183,-96.9258
CEM,65.5739,-144.7808
CEU,34.6719,-82.8867
CEV,39.6986,-85.1297
CEW,30.7789,-86.5222
CEY,36.6644,-88.3728
CEZ,37.3031,-108.6281
CFD,30.7156,-96.3314
CFE,45.1592,-93.8433
CFJ,39.9756,-86.92
CFK,60.1492,-164.2856
CFS,43.4589,-83.4456
CFT,32.9569,-109.2111
CFV,37.0942,-95.5719
CGC,28.8672,-82.5714
CGE,38.5394,-76.0303
CGF,41.565,-81.4864
CGI,37.2253,-89.5708
CGS,38.9806,-76.9222
CGZ,32.955,-111.7669
CHA,35.0353,-85.2036
CHD,33.2692,-111.8111
CHK,35.0972,-97.9678
CHN,27.5149,-81.8806
CHO,38.1386,-78.4528
CHP,65.4856,-144.6108
CHQ,36.8422,-89.3597
CHS,32.8986,-80.0406
CHT,39.7819,-93.4964
CHU,43.5964,-91.5039
CIC,39.7953,-121.8583
CID,41.8847,-91.7108
CII,47.8283,-112.1683
CIK,66.645,-143.74
CIN,42.0461,-94.7889
CIR,37.0644,-89.2197
CIU,46.2508,-84.4725
CJJ,43.3653,-92.1331
CJR,38.5256,-77.8597
CJX,61.8678,-158.135
CKA,36.75,-98.1167
CKB,39.2967,-80.2281
CKC,47.8383,-90.3831
CKF,31.9889,-83.7739
CKI,33.7172,-79.8569
CKM,34.2997,-90.5122
CKN,47.8417,-96.6214
CKP,42.7311,-95.5561
CKU,60.5439,-145.7267
CKV,36.6219,-87.415
CKX,64.0714,-141.9522
CKZ,40.3892,-75.2906
CLE,41.4094,-81.855
CLF,64.2569,-149.1861
CLI,44.6133,-88.7306
CLK,35.5383,-98.9328
CLL,30.5886,-96.3639
CLM,48.1203,-123.4997
CLP,58.8336,-158.5294
CLR,33.1314,-115.5214
CLS,46.6769,-122.9828
CLT,35.2139,-80.9431
CLW,27.9767,-82.7586
CMA,34.2139,-119.0944
CMH,39.9981,-82.8919
CMI,40.0389,-88.2778
CMR,35.3056,-112.1947
CMX,47.1683,-88.4892
CMY,43.9583,-90.7378
CNB,44.7294,-96.2661
CNC,41.0197,-93.3597
CNH,43.3706,-72.3686
CNK,39.5492,-97.6522
CNM,32.3375,-104.2633
CNO,33.9747,-117.6364
CNP,41.0775,-102.4642
CNU,37.6689,-95.485
CNW,31.6378,-97.0742
CNY,38.755,-109.7547
COD,44.5203,-109.0239
COE,47.7744,-116.8194
COF,28.235,-80.61
COI,28.3417,-80.6856
COM,31.8411,-99.4036
CON,43.2028,-71.5022
COQ,46.7011,-92.5036
COS,38.8058,-104.7008
COT,28.4567,-99.2183
COU,38.8181,-92.2197
CPC,34.2728,-78.715
CPK,36.6656,-76.3206
CPM,33.89,-118.2436
CPR,42.9081,-106.4644
CPS,38.5708,-90.1561
CPT,32.3539,-97.4339
CPU,38.1461,-120.6481
CPX,18.3133,-65.3044
CQA,40.4842,-84.5583
CQB,35.7239,-96.8203
CQM,47.8217,-92.6906
CQW,34.7128,-79.9569
CQX,41.6883,-69.9894
CRC,65.8278,-144.0761
CRE,33.8117,-78.7239
CRG,30.3364,-81.5144
CRO,36.1028,-119.5947
CRP,27.7704,-97.5011
CRQ,33.1283,-117.28
CRS,32.0281,-96.4006
CRT,33.1783,-91.8803
CRW,38.3731,-81.5933
CRX,34.915,-88.6036
CRZ,40.9942,-94.755
CSB,40.3067,-100.1622
CSG,32.5164,-84.9389
CSM,35.3397,-99.2006
CSQ,41.0214,-94.3633
CSR,61.1586,-149.7806
CSV,35.9514,-85.085
CTB,48.6083,-112.3761
CTJ,33.6317,-85.1522
CTK,40.5692,-90.0747
CTY,29.6356,-83.1047
CTZ,34.975,-78.3656
CUB,33.9706,-80.9953
CUH,35.95,-96.7731
CUL,38.0894,-88.1231
CUT,43.7333,-103.6178
CVB,29.3419,-98.8508
CVG,39.0489,-84.6678
CVH,36.8933,-121.4103
CVK,36.265,-91.5628
CVN,34.425,-103.0792
CVO,44.4972,-123.2894
CVS,34.3828,-103.3222
CVX,45.3047,-85.2753
CWA,44.7775,-89.6667
CWC,33.8606,-98.4903
CWF,30.2106,-93.1431
CWI,41.8311,-90.3292
CWS,35.0808,-92.425
CWV,32.195,-81.8694
CXC,61.5828,-144.4272
CXE,36.7883,-78.5017
CXF,67.2522,-150.2039
CXL,32.6694,-115.5133
CXO,30.3525,-95.4144
CXP,39.1922,-119.7344
CXU,31.2131,-84.2353
CXY,40.2172,-76.8514
CYO,39.5161,-82.9822
CYS,41.1556,-104.8106
CYT,60.0819,-142.4936
CYW,39.3872,-97.1572
CZD,40.8697,-100.0042
CZF,61.7811,-166.0394
CZG,42.0786,-76.0964
CZK,45.6769,-121.8789
CZL,34.4556,-84.9392
CZN,62.0711,-142.0483
CZO,62.5633,-144.6689
CZT,28.5222,-99.8236
DAA,38.715,-77.1811
DAB,29.18,-81.0581
DAF,44.0333,-90.085
DAG,34.8536,-116.7867
DAL,32.8472,-96.8517
DAN,36.5728,-79.3361
DAW,43.2842,-70.9292
DAY,39.9025,-84.2194
DBN,32.5644,-82.9853
DBQ,42.4019,-90.7094
DCA,38.8522,-77.0378
DCK,66.9433,-156.9047
DCM,34.7894,-81.1958
DCU,34.6542,-86.9453
DCY,38.7006,-87.1297
DDC,37.7631,-99.9656
DDH,42.8911,-73.2461
DDT,62.7247,-143.9206
DEC,39.8344,-88.8656
DED,29.0669,-81.2839
DEE,66.0694,-162.7664
DEH,43.2756,-91.7394
DEN,39.8617,-104.6731
DEQ,34.0469,-94.3994
DET,42.4092,-83.01
DEW,47.9669,-117.4286
DFI,41.3375,-84.4289
DFW,32.8969,-97.0381
DGG,68.0322,-162.8992
DGL,31.3425,-109.5064
DGW,42.7972,-105.3858
DHN,31.3214,-85.4497
DHT,36.0225,-102.5472
DIJ,43.7425,-111.0975
DIK,46.7975,-102.8019
DKB,41.9339,-88.7056
DKK,42.4933,-79.2719
DKR,31.3069,-95.4039
DKX,35.9639,-83.8736
DLC,34.4492,-79.3686
DLF,29.3594,-100.7811
DLG,59.0447,-158.5056
DLH,46.8422,-92.1936
DLL,43.5219,-89.7708
DLN,45.2553,-112.5525
DLO,35.7456,-119.2364
DLS,45.6186,-121.1672
DLZ,40.2797,-83.1147
DMA,32.1664,-110.8831
DMN,32.2622,-107.7206
DMO,38.7075,-93.1758
DMW,39.6083,-77.0078
DNL,33.4664,-82.0394
DNN,34.7231,-84.8703
DNS,41.9867,-95.3806
DNV,40.1997,-87.5956
DOV,39.1294,-75.4661
DPA,41.9069,-88.2483
DPG,40.1975,-112.935
DPL,35,-77.9817
DQH,31.4767,-82.8606
DRA,36.6194,-116.0328
DRI,30.8317,-93.34
DRM,46.0094,-83.7439
DRO,37.1514,-107.7539
DRT,29.3742,-100.9272
DSM,41.5339,-93.6631
DSV,42.5708,-77.7131
DTA,39.3806,-112.5078
DTG,41.1333,-88.4408
DTL,46.8253,-95.8856
DTN,32.5403,-93.745
DTO,33.2008,-97.1981
DTS,30.4,-86.4714
DTW,42.2125,-83.3533
DUA,33.9422,-96.3944
DUC,34.4714,-97.96
DUG,31.4689,-109.6036
DUH,41.7358,-83.6558
DUJ,41.1783,-78.8986
DUT,53.9,-166.5436
DUX,35.8581,-102.0131
DUY,59.9608,-162.8811
DVK,37.5778,-84.7697
DVL,48.1144,-98.9086
DVN,41.6103,-90.5883
DVO,38.1436,-122.5561
DVP,43.9867,-95.7825
DVT,33.6883,-112.0825
DWA,38.5789,-121.8567
DWH,30.0619,-95.5528
DWU,38.5544,-82.7381
DXE,36.7756,-89.9411
DXR,41.3717,-73.4822
DXX,44.9861,-96.1778
DYA,32.4639,-87.9542
DYB,33.0633,-80.2794
DYL,40.3331,-75.1222
DYR,35.9981,-89.4067
DYS,32.4208,-99.8547
DYT,46.7219,-92.0433
DZB,30.5269,-98.3589
DZJ,34.8544,-83.9972
EAA,64.7781,-141.1497
EAG,42.7097,-93.9161
EAN,42.0556,-104.9286
EAR,40.7269,-99.0067
EAT,47.3981,-120.2058
EAU,44.8658,-91.4842
EBG,26.4417,-98.1222
EBS,42.4364,-93.8692
ECG,36.2606,-76.1744
ECS,43.8856,-104.3178
ECU,29.9469,-100.1739
EDE,36.0278,-76.5672
EDF,61.2514,-149.8064
EDG,39.3919,-76.2911
EDJ,40.3722,-83.8192
EDN,31.2997,-85.8997
EDU,38.5314,-121.7864
EDW,34.9086,-117.8839
EED,34.7664,-114.6233
EEK,60.2136,-162.0439
EEN,42.8983,-72.2708
EEO,40.0489,-107.8858
EET,33.1778,-86.7833
EFC,44.7344,-103.8617
EFD,29.6072,-95.1589
EFK,44.8889,-72.2292
EFT,42.615,-89.5903
EFW,42.0106,-94.3422
EGE,39.6414,-106.9175
EGI,30.6503,-86.5228
EGQ,43.1019,-94.7047
EGT,37.3236,-97.3883
EGV,45.9322,-89.2683
EHA,37.0008,-101.88
EHM,58.6464,-162.0628
EHO,35.2558,-81.6008
EHR,37.8078,-87.6856
EII,58.1856,-157.3756
EIK,40.0103,-105.0481
EIL,64.6656,-147.1014
EIW,36.5353,-89.5997
EKA,40.8033,-124.1128
EKM,41.7194,-86.0033
EKN,38.8894,-79.8572
EKO,40.825,-115.7917
EKQ,36.8553,-84.8561
EKS,45.2744,-111.6489
EKX,37.6861,-85.925
EKY,33.3125,-86.9264
ELA,29.6006,-96.3219
ELD,33.2211,-92.8133
ELI,64.615,-162.2706
ELK,35.4308,-99.3942
ELM,42.16,-76.8917
ELN,47.0331,-120.5306
ELO,47.8244,-91.8308
ELP,31.8072,-106.3775
ELY,39.2997,-114.8419
ELZ,42.1094,-77.99
EMM,41.8242,-110.5569
EMP,38.3322,-96.1911
EMT,34.0861,-118.0347
EMV,36.6869,-77.4828
ENA,60.5733,-151.2447
END,36.3394,-97.9172
ENL,38.515,-89.0911
ENM,62.7861,-164.4908
ENN,64.5472,-149.0739
ENV,40.7186,-114.0308
ENW,42.5956,-87.9278
EOE,34.3094,-81.6406
EOK,40.46,-91.4286
EOP,39.1669,-82.9281
EOS,36.8108,-94.3917
EPH,47.3081,-119.5169
EPM,44.91,-67.0128
EQA,37.7742,-96.8175
EQY,35.0189,-80.6203
ERI,42.0819,-80.1761
ERR,44.7925,-71.1642
ERV,29.9767,-99.0856
ERY,46.3111,-85.4572
ESC,45.7228,-87.0936
ESF,31.395,-92.2958
ESN,38.8042,-76.0689
EST,43.4075,-94.7464
ESW,47.2542,-121.1856
ETB,43.4222,-88.1278
ETC,35.9372,-77.5467
ETH,45.7806,-96.5436
ETN,32.4136,-98.8097
EUF,31.9514,-85.1289
EUG,44.1244,-123.2119
EUL,43.6419,-116.6358
EVB,29.0556,-80.9489
EVM,47.425,-92.4983
EVU,40.3533,-94.9167
EVV,38.0369,-87.5322
EVW,41.2747,-111.0347
EVY,39.5211,-75.7236
EWB,41.6761,-70.9569
EWK,38.0583,-97.2744
EWN,35.0731,-77.0431
EWR,40.6925,-74.1686
EWU,60.9392,-164.6411
EXX,35.7811,-80.3039
EYE,39.8308,-86.2944
EYF,34.6017,-78.5792
EYQ,29.9353,-95.6397
EYW,24.5561,-81.7594
EZF,38.2661,-77.4494
EZI,41.2053,-89.9639
EZM,32.2164,-83.1286
EZS,44.7872,-88.56
EZZ,39.7275,-94.2764
FAF,37.1325,-76.6089
FAI,64.8156,-147.8586
FAM,37.7611,-90.4286
FAQ,14.2161,-169.4236
FAR,46.9206,-96.8158
FAT,36.7761,-119.7181
FAY,34.9911,-78.8803
FBG,35.1319,-78.9364
FBK,64.8375,-147.6144
FBL,44.3275,-93.3106
FBR,41.3919,-110.4067
FBY,40.1831,-97.1692
FCH,36.7322,-119.8203
FCI,37.4064,-77.5247
FCM,44.8272,-93.4572
FCS,38.6783,-104.7567
FCY,34.9419,-90.775
FDK,39.4175,-77.3744
FDR,34.3522,-98.9839
FDW,34.3156,-81.1089
FDY,41.0119,-83.6686
FEP,42.2461,-89.5819
FES,38.195,-90.3856
FET,41.4492,-96.5203
FFA,36.0183,-75.6714
FFC,33.3572,-84.5719
FFL,41.0558,-91.9808
FFM,46.2844,-96.1567
FFO,39.8258,-84.0461
FFT,38.1819,-84.9061
FFX,43.4394,-85.995
FFZ,33.4608,-111.7283
FGX,38.5417,-83.7433
FHB,30.6119,-81.4611
FHR,48.5219,-123.0244
FHU,31.5883,-110.3444
FIG,41.0486,-78.4131
FIT,42.5542,-71.7589
FKA,43.6767,-92.1797
FKL,41.3778,-79.8603
FKN,36.6981,-76.9039
FKR,40.2733,-86.5622
FKS,44.6253,-86.2008
FLD,43.7711,-88.4883
FLG,35.1403,-111.6692
FLL,26.0726,-80.1528
FLO,34.1853,-79.7239
FLP,36.2908,-92.5903
FLT,62.4528,-157.9892
FLV,39.3683,-94.9147
FLX,39.4992,-118.7489
FME,39.0853,-76.7594
FMH,41.6586,-70.5214
FMM,40.3339,-103.8042
FMN,36.7411,-108.23
FMY,26.5866,-81.8633
FMZ,40.5861,-97.5731
FNB,40.0789,-95.5919
FNL,40.4519,-105.0114
FNT,42.9656,-83.7436
FOA,38.665,-88.4531
FOD,42.5511,-94.1919
FOE,38.9508,-95.6636
FOK,40.8436,-72.6317
FOM,38.9581,-112.3631
FOT,40.5539,-124.1328
FOZ,47.7828,-93.6503
FPK,42.5744,-84.8114
FPR,27.4951,-80.3683
FQD,35.4283,-81.935
FRG,40.7289,-73.4133
FRH,38.5061,-86.6369
FRI,39.0528,-96.7644
FRM,43.6439,-94.4156
FRN,61.2625,-149.6547
FRR,38.9175,-78.2536
FSD,43.5819,-96.7419
FSE,47.5928,-95.7736
FSI,34.6497,-98.4022
FSK,37.7983,-94.7694
FSM,35.3367,-94.3675
FSO,44.9403,-73.0975
FSP,63.0186,-154.3583
FST,30.9153,-102.9128
FSU,34.4833,-104.2172
FSW,40.6592,-91.3269
FTG,39.7853,-104.5431
FTK,37.9069,-85.9722
FTT,38.8381,-92.0025
FTW,32.8197,-97.3625
FTY,33.7792,-84.5214
FUL,33.8719,-117.9797
FVE,47.2856,-68.3128
FVM,65.9269,-149.84
FVX,37.3575,-78.4378
FWA,40.9783,-85.1953
FWC,38.3786,-88.4128
FWL,62.5067,-153.8936
FWN,41.2003,-74.6231
FWQ,40.2097,-79.8314
FWS,32.5653,-97.3081
FXE,26.1973,-80.1708
FXY,43.2347,-93.6242
FYE,35.2078,-89.3944
FYJ,37.5214,-76.7628
FYM,35.0597,-86.5639
FYU,66.5714,-145.2506
FYV,36.005,-94.17
FZG,31.6839,-83.2708
FZI,41.1908,-83.3944
FZY,43.3508,-76.3881
GAB,38.9242,-117.9589
GAD,33.9728,-86.0892
GAF,48.4047,-97.3708
GAG,36.2956,-99.7764
GAI,39.1683,-77.1661
GAL,64.7361,-156.9375
GAM,63.7667,-171.7328
GAO,29.4411,-90.2611
GAS,38.8342,-82.1633
GBD,38.3442,-98.8592
GBG,40.9381,-90.4311
GBH,68.4797,-149.49
GBN,32.8875,-112.72
GBR,42.1842,-73.4033
GCC,44.3489,-105.5394
GCD,44.4028,-118.9678
GCK,37.9275,-100.7244
GCM,36.2928,-95.4797
GCN,35.9522,-112.1469
GCT,41.6878,-94.4353
GCY,36.1931,-82.815
GDB,44.7533,-95.5561
GDJ,32.4444,-97.8169
GDM,42.55,-72.0161
GDV,47.1386,-104.8072
GDW,43.9706,-84.475
GDY,37.2325,-82.125
GED,38.6892,-75.3589
GEG,47.62,-117.5339
GEO,38.8819,-83.8828
GEU,33.5269,-112.295
GEV,36.4325,-81.4197
GEY,44.5169,-108.0828
GEZ,39.5831,-85.8047
GFD,39.7903,-85.7361
GFK,47.9492,-97.1761
GFL,43.3411,-73.6103
GFZ,41.3272,-94.4453
GGE,33.3117,-79.3194
GGF,40.8706,-101.7339
GGG,32.3839,-94.7114
GGI,41.71,-92.7361
GGP,40.7111,-86.375
GGV,59.8764,-163.1686
GGW,48.2125,-106.6147
GHG,42.0983,-70.6722
GHM,35.8375,-87.4453
GHW,45.6439,-95.3206
GIF,28.0628,-81.7533
GJT,39.1225,-108.5267
GKJ,41.6267,-80.2147
GKN,62.155,-145.4544
GKT,35.8578,-83.5286
GKY,32.6639,-97.0942
GLD,39.3706,-101.6989
GLE,33.6522,-97.1972
GLH,33.4828,-90.9856
GLR,45.0136,-84.7036
GLS,29.2653,-94.8606
GLW,37.0317,-85.9539
GLY,38.3567,-93.6842
GMJ,36.6067,-94.7386
GMU,34.8481,-82.35
GNB,40.0897,-105.9172
GNC,32.6753,-102.6528
GNF,33.8325,-89.7983
GNG,42.9172,-114.7653
GNT,35.1672,-107.9019
GNU,59.1175,-161.5775
GNV,29.69,-82.2717
GOK,35.8511,-97.4161
GON,41.33,-72.045
GOO,39.2239,-121.0031
GOP,31.4214,-97.7969
GOV,44.6803,-84.7289
GPH,39.3325,-94.3097
GPI,48.3106,-114.2561
GPM,32.6989,-97.0469
GPT,30.4072,-89.07
GPZ,47.2111,-93.5097
GQQ,40.7533,-82.7239
GRB,44.4847,-88.1297
GRD,34.2486,-82.1592
GRE,38.8361,-89.3783
GRF,47.0792,-122.5808
GRI,40.9675,-98.3097
GRK,31.0672,-97.8289
GRN,42.8061,-102.1753
GRO,14.1744,-145.2411
GRR,42.8808,-85.5228
GSB,35.3394,-77.9606
GSH,41.5264,-85.7942
GSN,15.119,-145.7294
GSO,36.0978,-79.9372
GSP,34.8956,-82.2189
GST,58.4253,-135.7075
GSZ,65.4022,-161.2814
GTB,44.0556,-75.7194
GTE,40.9264,-100.1483
GTF,47.4828,-111.3706
GTG,45.7981,-92.6644
GTR,33.4503,-88.5914
GTU,30.6789,-97.6794
GUC,38.5339,-106.9331
GUM,13.4839,-144.7972
GUP,35.5111,-108.7894
GUS,40.6481,-86.1522
GUY,36.685,-101.5078
GVE,38.1561,-78.1658
GVL,34.2725,-83.8303
GVQ,43.0317,-78.1697
GVT,33.0678,-96.0653
GWB,41.3072,-85.0644
GWO,33.4944,-90.0847
GWR,46.2186,-97.6436
GWS,39.5058,-107.3092
GWW,35.4606,-77.965
GXY,40.4375,-104.6333
GYB,30.1692,-96.98
GYH,34.7583,-82.3764
GYI,33.7142,-96.6736
GYL,44.7561,-94.0811
GYR,33.4236,-112.3744
GYY,41.6164,-87.4128
GZH,31.4158,-87.0442
GZL,35.2892,-95.0939
GZS,35.1536,-87.0569
HAB,34.1169,-87.9983
HAD,42.9244,-106.3094
HAE,39.7253,-91.4439
HAF,37.5133,-122.5011
HAI,41.9597,-85.5933
HAO,39.3639,-84.5219
HAX,35.7458,-95.4128
HBC,48.7683,-101.5369
HBG,31.265,-89.2528
HBI,35.6544,-79.8947
HBR,34.9914,-99.0514
HBV,27.3496,-98.7369
HBW,43.6567,-90.3281
HBZ,35.5117,-92.0131
HCA,62.1883,-159.775
HCD,44.86,-94.3825
HCO,48.7528,-96.9431
HDC,30.5217,-90.4183
HDE,40.4522,-99.3364
HDH,21.5795,-158.1972
HDI,35.22,-84.8325
HDN,40.4811,-107.2178
HDO,29.3597,-99.1767
HEE,34.5764,-90.6758
HEF,38.7214,-77.5156
HEG,30.2778,-81.8058
HEI,46.015,-102.6561
HEQ,40.5694,-102.2728
HEZ,31.6136,-91.2972
HFD,41.7367,-72.6494
HFF,35.0364,-79.4975
HFJ,36.9061,-94.0128
HFS,23.8641,-166.2847
HFY,39.6275,-86.0881
HGR,39.7086,-77.7264
HHF,35.895,-100.4039
HHG,40.8531,-85.4569
HHI,21.4847,-158.0397
HHR,33.9228,-118.3353
HHW,34.0347,-95.5419
HIB,47.3867,-92.8389
HIE,44.3675,-71.5444
HIF,41.1239,-111.9731
HIG,39.0725,-93.6772
HII,34.5711,-114.3583
HIO,45.5406,-122.9503
HJH,40.1522,-97.5869
HJO,36.3167,-119.6278
HKA,35.9403,-89.8308
HKS,32.3347,-90.2225
HKY,35.7411,-81.3894
HLA,65.6978,-156.3514
HLB,39.3444,-85.2583
HLC,39.3803,-99.8314
HLG,40.175,-80.6464
HLM,42.7958,-86.1619
HLN,46.6067,-111.9828
HLR,31.1386,-97.7144
HLX,36.7661,-80.8236
HMN,32.8519,-106.1086
HMT,33.7339,-117.0225
HMZ,40.0861,-78.5136
HNB,38.2489,-86.9536
HND,35.9728,-115.1344
HNH,58.0961,-135.4097
HNL,21.3187,-157.9225
HNM,20.7956,-156.0144
HNR,41.5844,-95.3397
HNS,59.2439,-135.5236
HNZ,36.3617,-78.5292
HOB,32.6875,-103.2169
HOC,39.1889,-83.5389
HOE,31.0558,-82.7742
HOM,59.6456,-151.4767
HON,44.3853,-98.2286
HOP,36.6722,-87.4925
HOT,34.4781,-93.0961
HOU,29.6456,-95.2789
HPB,61.5239,-166.1467
HPN,41.0669,-73.7075
HPT,42.7236,-93.2264
HPY,29.7861,-94.9528
HQG,37.1631,-101.3706
HQM,46.9711,-123.9367
HQU,33.5297,-82.5169
HQZ,32.7469,-96.5306
HRI,45.8283,-119.2592
HRJ,35.3803,-78.7322
HRL,26.2285,-97.6544
HRO,36.2614,-93.1547
HRR,63.8675,-148.9689
HRT,30.4278,-86.6894
HRU,38.6947,-96.8081
HRX,34.8578,-102.3264
HSA,30.3678,-89.4547
HSB,37.8114,-88.5503
HSD,35.6019,-97.7061
HSE,35.2328,-75.6178
HSI,40.6053,-98.4278
HSP,37.9514,-79.8339
HSR,43.3683,-103.3881
HST,25.4884,-80.3836
HSV,34.6372,-86.775
HTH,38.5444,-118.6342
HTL,44.3597,-84.6711
HTO,40.9594,-72.2519
HTS,38.3667,-82.5581
HTW,38.4192,-82.4944
HUA,34.6786,-86.6847
HUF,39.4514,-87.3075
HUL,46.1231,-67.7919
HUM,29.5664,-90.6606
HUS,66.0392,-154.2647
HUT,38.0656,-97.8606
HVC,36.8569,-87.455
HVE,38.4181,-110.7042
HVN,41.2639,-72.8867
HVR,48.5431,-109.7622
HVS,34.4031,-80.1192
HWD,37.6589,-122.1217
HWO,26.0012,-80.2408
HWQ,46.4486,-109.8528
HWV,40.8219,-72.8669
HWY,38.5864,-77.7106
HXD,32.2244,-80.6975
HXF,43.3492,-88.3914
HYA,41.6694,-70.2803
HYI,29.8928,-97.8631
HYR,46.0253,-91.4442
HYS,38.8422,-99.2731
HYW,33.8286,-79.1222
HYX,43.4333,-83.8622
HZD,36.0892,-88.4633
HZE,47.29,-101.5808
HZL,40.9867,-75.995
HZR,30.7183,-91.4786
HZX,46.6189,-93.3097
HZY,41.7781,-80.6956
IAB,37.6231,-97.2672
IAD,38.9475,-77.46
IAG,43.1072,-78.9461
IAH,29.9844,-95.3414
IAN,66.9758,-160.4367
IBM,41.1881,-103.6775
IBN,62.4019,-142.9956
ICL,40.7222,-95.0267
ICR,43.3903,-99.8422
ICT,37.65,-97.4331
IDA,43.5136,-112.0708
IDG,42.3325,-95.445
IDI,40.6322,-79.1056
IDL,33.4858,-90.6789
IDP,37.1583,-95.7783
IEM,60.7772,-148.7217
IEN,43.0225,-102.5111
IER,31.7358,-93.0992
IFA,42.4708,-93.27
IFP,35.1561,-114.5594
IGG,59.3242,-155.9017
IGM,35.2594,-113.9381
IGQ,41.535,-87.5294
IGT,60.4711,-164.7008
IGX,35.935,-79.0658
IIB,42.4569,-91.9478
IIK,59.9331,-164.0306
IIY,33.7794,-82.8158
IJD,41.7442,-72.1803
IJX,39.7747,-90.2383
IKG,27.5509,-98.0308
IKK,41.0714,-87.8464
IKO,52.9417,-168.8489
IKV,41.6911,-93.5664
ILE,31.0858,-97.6864
ILG,39.6786,-75.6067
ILI,59.7556,-154.9178
ILM,34.2706,-77.9025
ILN,39.4281,-83.7922
IML,40.5103,-101.6203
IMM,26.4338,-81.4014
IMS,38.76,-85.4647
IMT,45.8183,-88.1144
IND,39.7172,-86.2947
INJ,32.0836,-97.0972
INK,31.7797,-103.2017
INL,48.5656,-93.4022
INR,63.7325,-148.9106
INS,36.5872,-115.6733
INT,36.1336,-80.2219
INW,35.0219,-110.7225
IOB,38.0581,-83.9794
IOW,41.6397,-91.5481
IPJ,35.4833,-81.1611
IPL,32.8342,-115.5786
IPT,41.2419,-76.9211
IRK,40.0936,-92.545
IRS,41.8133,-85.4389
ISB,43.3694,-95.7597
ISM,28.2897,-81.4372
ISN,48.1781,-103.6422
ISO,35.3314,-77.6089
ISP,40.7953,-73.1003
ISQ,45.9747,-86.1719
ISW,44.3603,-89.8389
ISZ,39.2467,-84.3889
ITH,42.4914,-76.4589
ITO,19.7202,-155.0483
ITR,39.2425,-102.2853
IWA,33.3078,-111.6556
IWD,46.5275,-90.1314
IWH,40.7619,-85.7989
IWI,43.9614,-69.7125
IWK,65.6225,-168.095
IWS,29.8183,-95.6725
IXA,36.3297,-77.6353
IXD,38.8308,-94.8903
IYK,35.6586,-117.8294
IYS,61.5719,-149.5394
IZA,34.6069,-120.0756
IZG,43.9911,-70.9478
JAC,43.6072,-110.7378
JAN,32.3111,-90.0758
JAS,30.8856,-94.035
JAU,36.3342,-84.1631
JAX,30.4942,-81.6878
JBR,35.8317,-90.6464
JCT,30.5114,-99.7633
JDD,32.7422,-95.4964
JDN,47.3289,-106.9528
JEF,38.5911,-92.1561
JER,42.7267,-114.4567
JES,31.5539,-81.8825
JFK,40.6397,-73.7789
JFX,33.9019,-87.3142
JFZ,37.0639,-81.7983
JGG,37.2392,-76.7161
JHM,20.9629,-156.6731
JHW,42.1533,-79.2581
JKA,30.2897,-87.6717
JKJ,46.8392,-96.6636
JKL,37.5939,-83.3172
JLA,60.4828,-149.7189
JLN,37.1519,-94.4983
JMR,45.8861,-93.2717
JMS,46.9297,-98.6783
JNU,58.355,-134.5764
JNX,35.5408,-78.3903
JOT,41.5178,-88.1756
JQF,35.3878,-80.7092
JRF,21.3074,-158.0703
JSO,31.8694,-95.2175
JST,40.3161,-78.8339
JSV,35.4383,-94.8028
JVL,42.6203,-89.0417
JVM,61.7314,-148.9278
JVY,38.3656,-85.7383
JWG,35.8647,-98.4208
JWN,36.1822,-86.8867
JWY,32.4561,-96.9128
JXI,32.6989,-94.9489
JXN,42.2606,-84.4606
JYG,43.9864,-94.5581
JYL,32.6453,-81.5972
JYM,41.9214,-84.5858
JYO,39.0781,-77.5575
JYR,40.8964,-97.6242
JZI,32.7008,-80.0028
JZP,34.4533,-84.4572
JZZ,59.7267,-157.2594
KAL,64.3189,-158.7414
KCL,56.3111,-158.5342
KCR,63.5678,-155.9892
KDK,57.8058,-152.3739
KEB,59.3522,-151.9253
KEK,59.3569,-157.4711
KFP,54.8475,-163.4103
KGX,62.8944,-160.065
KGZ,61.455,-142.3808
KIC,36.2283,-121.1214
KKA,64.9394,-161.1542
KKU,58.8111,-158.5589
KLG,61.5364,-160.3414
KLS,46.1181,-122.8983
KNB,37.0111,-112.5311
KNW,59.4517,-157.3731
KOA,19.7388,-156.0456
KPC,65.2536,-166.8586
KSM,62.0608,-163.3019
KTN,55.3542,-131.7111
KTS,65.3314,-166.4658
KVC,55.1164,-162.2661
KVL,67.7361,-164.5636
KWT,60.7903,-161.4436
KYK,57.5661,-154.4539
KYU,64.8758,-157.7306
LAA,38.0697,-102.6886
LAF,40.4122,-86.9369
LAL,27.9889,-82.0186
LAM,35.8797,-106.2694
LAN,42.7786,-84.5867
LAR,41.3119,-105.675
LAS,36.08,-115.1522
LAW,34.5678,-98.4167
LAX,33.9425,-118.4072
LBB,33.6636,-101.8228
LBE,40.2747,-79.4067
LBF,41.1261,-100.6836
LBL,37.0442,-100.96
LBO,37.6483,-92.6525
LBR,33.5931,-95.0636
LBT,34.61,-79.0594
LBX,29.1086,-95.4622
LCG,42.2419,-96.9814
LCH,30.1261,-93.2233
LCI,43.5731,-71.4178
LCK,39.8139,-82.9278
LCQ,30.1819,-82.5769
LDJ,40.6175,-74.2447
LDM,43.9625,-86.4078
LEB,43.6261,-72.3042
LEE,28.8231,-81.8086
LEM,45.9186,-102.1061
LEW,44.0483,-70.2836
LEX,38.0364,-84.6058
LFI,37.0828,-76.3606
LFK,31.2339,-94.75
LFT,30.2053,-91.9875
LGA,40.7772,-73.8725
LGB,33.8178,-118.1517
LGC,33.0089,-85.0725
LGD,45.2903,-118.0072
LGF,32.86,-114.3967
LGU,41.7911,-111.8517
LHB,30.8722,-96.6222
LHM,38.9092,-121.3514
LHQ,39.7556,-82.6572
LHV,41.1356,-77.4222
LHW,31.8892,-81.5622
LHX,38.05,-103.5097
LHZ,36.0233,-78.3303
LIC,39.2747,-103.6658
LIH,21.976,-159.3389
LIT,34.7294,-92.2244
LIU,33.9239,-102.3867
LJF,45.0972,-94.5072
LKK,58.9819,-155.1214
LKP,44.2644,-73.9619
LKR,34.7231,-80.8544
LKU,38.0097,-77.97
LKV,42.1611,-120.3992
LLJ,44.5236,-114.2178
LLN,33.5525,-102.3725
LLQ,33.6386,-91.7511
LLR,39.2619,-123.7536
LLU,37.4894,-94.3114
LMO,40.1642,-105.1636
LMS,33.1461,-89.0625
LMT,42.1561,-121.7333
LNA,26.5931,-80.085
LNC,32.5792,-96.7192
LND,42.8153,-108.7297
LNK,40.8511,-96.7592
LNL,46.1539,-89.2122
LNN,41.6839,-81.3897
LNP,36.9875,-82.53
LNR,43.2119,-90.1797
LNS,40.1217,-76.2961
LNY,20.7856,-156.9514
LOL,40.0664,-118.5653
LOM,40.1375,-75.265
LOT,41.6072,-88.0961
LOU,38.2281,-85.6636
LOZ,37.0869,-84.0775
LPC,34.6656,-120.4675
LPR,41.3442,-82.1778
LQK,34.81,-82.7028
LQR,38.2086,-99.0861
LRD,27.5438,-99.4617
LRF,34.9167,-92.1467
LRG,45.3622,-68.5347
LRJ,42.7781,-96.1936
LRO,32.8978,-79.7828
LRU,32.2894,-106.9219
LRY,38.6103,-94.3436
LSB,32.3333,-108.6917
LSE,43.8792,-91.2567
LSF,32.3372,-84.9914
LSK,42.7539,-104.4044
LSN,37.0639,-120.87
LSR,65.3961,-167.1631
LSV,36.2361,-115.0342
LTS,34.6664,-99.2681
LTY,48.5108,-110.9908
LUD,33.2542,-97.5806
LUF,33.535,-112.3831
LUG,35.5069,-86.8039
LUK,39.1033,-84.4186
LUL,31.6731,-89.1728
LUM,44.8922,-91.8678
LUP,21.211,-156.9736
LUR,68.875,-166.11
LUX,34.5069,-81.9472
LVJ,29.5214,-95.2422
LVK,37.6933,-121.8203
LVL,36.7728,-77.7942
LVM,45.6994,-110.4483
LVN,44.6278,-93.2281
LVS,35.6542,-105.1425
LWA,42.3511,-86.2556
LWB,37.8583,-80.3994
LWC,39.0111,-95.2164
LWD,40.6333,-93.9022
LWL,41.1172,-114.9222
LWM,42.7172,-71.1233
LWS,46.3744,-117.0153
LWT,47.0492,-109.4667
LWV,38.7642,-87.6056
LXL,45.9494,-94.3469
LXN,40.7906,-99.7758
LXT,38.9597,-94.3714
LXV,39.2203,-106.3167
LXY,31.6397,-96.5147
LYH,37.3253,-79.2006
LYO,38.3428,-98.2269
LYV,43.6211,-96.2158
LZD,41.8197,-71.9008
LZU,33.9781,-83.9625
LZZ,31.1061,-98.1958
MAC,32.8222,-83.5619
MAE,36.9886,-120.1125
MAF,31.9425,-102.2019
MAI,30.8378,-85.1819
MAL,44.8536,-74.3289
MAO,34.1811,-79.3347
MAW,36.5983,-89.9925
MAZ,18.2557,-67.1483
MBA,58.9319,-158.9019
MBG,45.5464,-100.4064
MBL,44.2725,-86.2469
MBO,32.4386,-90.1031
MBS,43.5328,-84.0797
MBT,35.8775,-86.3775
MBY,39.4639,-92.4269
MCB,31.1783,-90.4719
MCC,38.6678,-121.4006
MCD,45.865,-84.6372
MCE,37.2847,-120.5139
MCF,27.8494,-82.5211
MCG,62.9528,-155.6056
MCI,39.2975,-94.7139
MCK,40.2064,-100.5922
MCN,32.6928,-83.6492
MCO,28.4294,-81.3089
MCW,43.1578,-93.3314
MCX,40.7089,-86.7667
MCZ,35.8622,-77.1783
MDD,32.0364,-102.1011
MDF,36.4847,-99.1942
MDH,37.7781,-89.2519
MDM,61.8642,-162.0261
MDO,59.45,-146.3072
MDQ,34.8614,-86.5575
MDS,44.0158,-97.0861
MDT,40.1936,-76.7633
MDW,41.7861,-87.7525
MDY,28.2036,-177.3794
MDZ,45.1014,-90.3008
MEB,34.7919,-79.3658
MEI,32.3325,-88.7519
MEJ,37.2769,-100.3564
MEM,35.0425,-89.9767
MER,37.3806,-120.5683
MEV,39.0008,-119.7519
MEY,42.1783,-95.7936
MEZ,34.5453,-94.2028
MFD,40.8214,-82.5167
MFE,26.1758,-98.2386
MFI,44.6369,-90.1894
MFR,42.3742,-122.8736
MFV,37.6469,-75.7611
MGC,41.7033,-86.8211
MGE,33.9153,-84.5164
MGG,45.2361,-93.9856
MGJ,41.51,-74.2647
MGM,32.3006,-86.3939
MGN,45.4256,-84.9133
MGR,31.085,-83.8033
MGW,39.6428,-79.9164
MGY,39.5889,-84.225
MHE,43.7747,-98.0386
MHK,39.1411,-96.6708
MHL,39.0956,-93.2028
MHM,63.8861,-152.3019
MHN,42.05,-101.0672
MHP,32.3739,-82.0792
MHR,38.5553,-121.2972
MHT,42.9328,-71.4358
MHV,35.0586,-118.1506
MIA,25.7932,-80.2906
MIB,48.4158,-101.3581
MIC,45.0619,-93.3539
MIE,40.2425,-85.3958
MIO,36.9092,-94.8875
MIT,35.5075,-119.1922
MIV,39.3678,-75.0722
MIW,42.1128,-92.9178
MJD,30.4875,-89.6511
MJQ,43.65,-94.9867
MJX,39.9275,-74.2925
MKA,44.5253,-98.9581
MKC,39.1233,-94.5928
MKE,42.9472,-87.8967
MKG,43.1678,-86.2356
MKJ,36.895,-81.35
MKK,21.1529,-157.0961
MKL,35.6,-88.9156
MKN,31.9203,-98.5992
MKO,35.6578,-95.3617
MKS,33.1856,-80.0361
MKT,44.2228,-93.9194
MKV,31.0947,-92.0692
MKY,25.995,-81.6725
MLB,28.1028,-80.6453
MLC,34.8825,-95.7833
MLD,42.1706,-112.2894
MLE,41.1961,-96.1122
MLF,38.4267,-113.0125
MLI,41.4486,-90.5072
MLJ,33.1542,-83.2406
MLS,46.4281,-105.8861
MLT,45.6478,-68.6856
MLU,32.5108,-92.0378
MLY,64.9975,-150.6442
MMH,37.6242,-118.8378
MMI,35.3992,-84.5617
MMK,41.5086,-72.8294
MML,44.4517,-95.8244
MMS,34.2314,-90.2894
MMT,33.9189,-80.8006
MMU,40.7994,-74.415
MMV,45.1944,-123.1358
MNF,36.9928,-91.7144
MNI,33.5872,-80.2086
MNM,45.1267,-87.6383
MNN,40.6161,-83.0633
MNV,35.5453,-84.3803
MNZ,31.6658,-98.1486
MOB,30.6914,-88.2428
MOD,37.6258,-120.9544
MOP,43.6217,-84.7372
MOR,36.1794,-83.3756
MOS,64.6981,-162.0572
MOT,48.2578,-101.2781
MOU,62.0953,-163.6819
MOX,45.5658,-95.9672
MPE,32.7994,-89.1261
MPG,39.8808,-80.7358
MPI,37.5108,-120.0394
MPJ,35.1389,-92.9092
MPO,41.1375,-75.3789
MPR,38.3525,-97.6914
MPV,44.2036,-72.5622
MPZ,40.9467,-91.5111
MQB,40.52,-90.6525
MQI,35.9189,-75.6956
MQJ,39.8436,-85.8969
MQS,39.9789,-75.8656
MQW,32.0958,-82.88
MQY,36.0089,-86.52
MRB,39.4019,-77.9847
MRC,35.5544,-87.1792
MRF,30.3711,-104.0175
MRH,34.7336,-76.6606
MRI,61.2136,-149.8444
MRJ,42.8869,-90.2361
MRN,35.8203,-81.6114
MRT,40.2247,-83.3517
MRY,36.5869,-121.8431
MSL,34.7453,-87.6103
MSN,43.1397,-89.3375
MSO,46.9164,-114.0906
MSP,44.8819,-93.2217
MSS,44.9358,-74.8456
MSV,41.7017,-74.795
MSY,29.9933,-90.2581
MTC,42.6083,-82.8356
MTF,64.8067,-147.7625
MTH,24.7262,-81.0514
MTJ,38.5097,-107.8942
MTN,39.3256,-76.4139
MTO,39.4781,-88.2792
MTP,41.0764,-71.9208
MTV,36.6308,-80.0183
MTW,44.1289,-87.6806
MUE,20.0013,-155.6681
MUI,40.4347,-76.5694
MUL,31.1378,-83.7042
MUO,43.0436,-115.8725
MUT,41.3678,-91.1483
MVC,31.4581,-87.3511
MVE,44.9692,-95.7103
MVI,37.5286,-106.0461
MVL,44.5347,-72.6139
MVM,44.7031,-67.4786
MVN,38.3233,-88.8586
MVY,41.3931,-70.6144
MWA,37.755,-89.0111
MWC,43.1103,-88.0344
MWH,47.2086,-119.3192
MWK,36.4597,-80.5531
MWL,32.7817,-98.0603
MWM,43.9133,-95.1094
MWO,39.5317,-84.3964
MXA,35.8944,-90.1544
MXF,32.3792,-86.3625
MXO,42.2203,-91.1633
MYF,32.8158,-117.1394
MYJ,39.1575,-91.8183
MYK,61.3356,-142.6867
MYL,44.8886,-116.1017
MYR,33.6797,-78.9283
MYU,60.3714,-166.2706
MYV,39.0978,-121.5697
MYZ,39.8553,-96.6306
MZH,46.4186,-92.8047
MZJ,32.5097,-111.3253
MZZ,40.49,-85.6797
NBC,32.4772,-80.7231
NBG,29.8253,-90.035
NBJ,30.3892,-87.6353
NCA,34.7083,-77.4397
NDY,38.3328,-77.0369
NDZ,30.6986,-87.0144
NEL,40.035,-74.3522
NEN,30.3503,-81.8831
NEW,30.0425,-90.0283
NFD,30.5078,-87.6456
NFE,36.6919,-76.1344
NFG,33.3011,-117.3553
NFJ,30.5069,-86.9597
NFL,39.4167,-118.7011
NFW,32.7692,-97.4417
NGF,21.4504,-157.7681
NGP,27.6927,-97.2903
NGS,30.6108,-86.94
NGU,36.9375,-76.2892
NGW,27.7003,-97.4344
NHK,38.2861,-76.4117
NHZ,43.8922,-69.9386
NID,35.6856,-117.6919
NIN,60.0203,-151.5894
NIP,30.2358,-81.6806
NJK,32.8292,-115.6717
NJM,34.6906,-77.0297
NJW,32.7961,-88.8317
NKL,30.4253,-86.8939
NKT,34.9008,-76.8808
NKX,32.8678,-117.1417
NLC,36.3331,-119.9522
NMM,32.5519,-88.5556
NOG,27.9011,-98.0517
NOW,48.1411,-123.4142
NPA,30.3528,-87.3186
NPS,21.3649,-157.9597
NQA,35.3567,-89.8703
NQI,27.5045,-97.8083
NQX,24.5757,-81.6889
NRA,48.1833,-122.6333
NRB,30.3914,-81.4244
NRC,37.4081,-121.1094
NRN,39.8503,-99.8947
NRQ,30.6167,-87.1333
NRS,32.5667,-117.1167
NSE,30.7225,-87.0239
NSI,33.2397,-119.4581
NTD,34.1192,-119.1194
NTU,36.8228,-76.0319
NUC,33.0228,-118.5886
NUI,38.1461,-76.4283
NUL,64.7294,-158.0742
NUN,30.4697,-87.3381
NUQ,37.4161,-122.0492
NUW,48.3519,-122.6558
NVD,37.8525,-94.3047
NWL,27.635,-97.3122
NXF,33.2856,-117.4564
NXP,34.2961,-116.1622
NXX,40.1997,-75.1481
NYG,38.5036,-77.305
NYL,32.6567,-114.6061
NZY,32.6992,-117.2153
OAJ,34.8292,-77.6122
OAK,37.7214,-122.2208
OAR,36.6814,-121.7617
OBE,27.2666,-80.8503
OBI,39.2192,-74.7947
OBU,66.9122,-156.8972
OCF,29.1725,-82.2242
OCH,31.5778,-94.71
OCQ,44.8742,-87.9097
OCW,35.5706,-77.0497
ODO,31.9214,-102.3872
ODX,41.6236,-98.9519
OEB,41.9336,-85.0522
OEL,39.1117,-100.8167
OEO,45.3094,-92.69
OFF,41.1183,-95.9125
OFK,41.9856,-97.435
OFP,37.7089,-77.4367
OGA,41.1194,-101.7697
OGB,33.4569,-80.8594
OGD,41.1956,-112.0131
OGG,20.8986,-156.4306
OGM,46.8456,-89.3672
OGS,44.6819,-75.4656
OIC,42.5667,-75.5242
OIN,39.8339,-100.5394
OJA,35.5447,-98.6686
OJC,38.8475,-94.7375
OKB,33.2181,-117.3514
OKC,35.3931,-97.6008
OKH,48.2517,-122.6736
OKK,40.5281,-86.0589
OKM,35.6681,-95.9486
OKS,41.4019,-102.3564
OKV,39.1436,-78.1444
OKZ,32.9667,-82.8381
OLD,44.9525,-68.6744
OLE,42.2411,-78.3714
OLF,48.0944,-105.575
OLG,46.3147,-91.8164
OLM,46.9694,-122.9025
OLS,31.4178,-110.8478
OLU,41.4481,-97.3428
OLV,34.9789,-89.7869
OLY,38.7219,-88.1764
OLZ,42.6808,-91.9744
OMA,41.3031,-95.8942
OME,64.5122,-165.4453
OMH,38.2472,-78.0456
OMK,48.4644,-119.5181
OMN,29.3006,-81.1136
ONA,44.0772,-91.7083
ONL,42.47,-98.6881
ONM,34.0225,-106.9031
ONO,44.0194,-117.0131
ONP,44.5803,-124.0578
ONT,34.0561,-117.6011
ONX,36.4,-76.0156
ONY,33.3508,-98.8192
ONZ,42.0992,-83.1614
OOA,41.2261,-92.4939
OOK,60.5414,-165.0872
OPF,25.907,-80.2783
OPL,30.5583,-92.0994
OPN,32.955,-84.2642
OQN,39.99,-75.5819
OQU,41.5972,-71.4122
OQW,42.05,-90.7389
ORB,48.0158,-92.8561
ORC,42.9903,-96.0628
ORD,41.9808,-87.9067
ORE,42.57,-72.2886
ORF,36.8947,-76.2011
ORG,30.0683,-93.8039
ORH,42.2672,-71.8758
ORI,57.8853,-152.8461
ORK,34.8331,-92.2542
ORL,28.5456,-81.3331
ORS,48.7081,-122.9106
ORT,62.9614,-141.9292
OSA,33.0969,-94.9617
OSC,44.4517,-83.3942
OSH,43.9844,-88.5569
OSU,40.0797,-83.0731
OSX,33.0903,-89.5419
OTG,43.655,-95.5792
OTH,43.4169,-124.2469
OTM,41.1067,-92.4481
OTZ,66.8847,-162.5986
OUL,56.0075,-161.1603
OUN,35.2456,-97.4722
OVE,39.4878,-121.6219
OVL,44.7786,-95.0328
OVO,39.0453,-85.6056
OVS,43.1608,-90.6739
OWA,44.1233,-93.2606
OWB,37.7389,-87.1669
OWD,42.1906,-71.1731
OWI,38.5386,-95.2531
OWK,44.7156,-69.8664
OWP,36.1753,-96.1519
OWX,41.0356,-83.9819
OXB,38.3106,-75.1239
OXC,41.4786,-73.1353
OXD,39.5022,-84.7844
OXI,41.3303,-86.6647
OXR,34.2008,-119.2072
OXV,41.2992,-93.1136
OYM,41.4125,-78.5025
OZA,30.7353,-101.2031
OZR,31.2758,-85.7133
OZW,42.6294,-83.9822
PAE,47.9069,-122.2817
PAH,37.0603,-88.7731
PAK,21.8969,-159.6031
PAM,30.07,-85.5764
PAN,34.2569,-111.3392
PAO,37.4611,-122.115
PAQ,61.595,-149.0886
PBF,34.1744,-91.9356
PBG,44.6508,-73.4681
PBH,45.7089,-90.4025
PBI,26.6832,-80.0956
PBV,56.5772,-169.6636
PBX,37.5617,-82.5664
PCK,67.2378,-150.2861
PCM,28.0003,-82.1633
PCW,41.5164,-82.8694
PCZ,44.3333,-89.0197
PDC,43.0192,-91.1236
PDK,33.8756,-84.3019
PDT,45.695,-118.8414
PDX,45.5883,-122.5975
PEA,41.4011,-92.9458
PEO,42.6372,-77.0528
PEQ,31.3825,-103.5108
PEV,55.9067,-159.1608
PEX,45.3719,-94.7447
PEZ,28.9542,-98.52
PFC,45.1997,-123.9622
PFN,30.2122,-85.6828
PGA,36.9261,-111.4483
PGD,26.9198,-81.9906
PGM,59.3483,-151.8317
PGR,36.0639,-90.5092
PGV,35.6353,-77.3853
PHD,40.4708,-81.4197
PHF,37.1319,-76.4931
PHG,39.7358,-99.3172
PHH,33.4517,-79.5261
PHK,26.785,-80.6933
PHL,39.8722,-75.2408
PHN,42.9111,-82.5289
PHO,68.3489,-166.7994
PHP,44.0486,-101.5992
PHT,36.3358,-88.3844
PHX,33.4342,-112.0117
PIA,40.6642,-89.6933
PIB,31.4672,-89.3369
PIE,27.91,-82.6875
PIH,42.9097,-112.5958
PIL,26.1662,-97.3458
PIM,32.8406,-84.8825
PIR,44.3828,-100.2861
PIT,40.4914,-80.2328
PIZ,69.7322,-163.0111
PJC,40.8019,-80.1608
PJY,37.9778,-89.3606
PKA,60.7028,-161.7783
PKB,39.345,-81.4392
PKD,46.9006,-95.0731
PKF,45.955,-90.4244
PKV,28.6533,-96.6828
PLB,44.6875,-73.5244
PLD,40.4508,-84.99
PLK,36.6258,-93.2289
PLN,45.5708,-84.7967
PLR,33.5589,-86.2492
PLU,47.1039,-122.2872
PMB,48.9425,-97.2408
PMD,34.6294,-118.0844
PMH,38.8406,-82.8472
PMP,26.2471,-80.1111
PMU,34.3636,-89.8928
PMV,40.9483,-95.9172
PMZ,35.8108,-76.7583
PNA,42.7975,-109.8111
PNC,36.7319,-97.0997
PNE,40.0819,-75.0106
PNM,45.56,-93.6083
PNN,45.2006,-67.5644
PNP,57.5803,-157.5719
PNS,30.4733,-87.1867
PNT,40.9244,-88.6239
POB,35.1708,-79.0144
POC,34.0917,-117.7817
POE,31.0447,-93.1917
POF,36.7739,-90.325
POH,42.7428,-94.6472
POU,41.6267,-73.8842
POY,44.8672,-108.7933
PPA,35.6131,-100.9961
PPC,66.8142,-150.6436
PPF,37.3308,-95.5061
PPG,14.3317,-170.7114
PPO,41.5725,-86.7344
PPQ,39.6389,-90.7783
PQI,46.6889,-68.0447
PQL,30.4628,-88.5292
PQN,43.9833,-96.3003
PRB,35.6728,-120.6269
PRC,34.6544,-112.4197
PRG,39.7003,-87.6697
PRN,31.8456,-86.6108
PRO,41.8281,-94.1597
PRX,33.6367,-95.4508
PRZ,34.1456,-103.4103
PSB,40.8844,-78.0872
PSC,46.2647,-119.1189
PSE,18.0083,-66.5631
PSF,42.4269,-73.2931
PSG,56.8017,-132.9453
PSK,37.1372,-80.6786
PSM,43.0781,-70.8233
PSN,31.7797,-95.7064
PSO,37.2861,-107.0561
PSP,33.8297,-116.5067
PSX,28.7275,-96.2508
PTB,37.1839,-77.5075
PTD,44.6767,-74.9483
PTH,56.9592,-158.6333
PTK,42.6656,-83.4194
PTN,29.7094,-91.3389
PTS,37.4494,-94.7311
PTT,37.7025,-98.7469
PTU,59.0114,-161.8197
PTV,36.0297,-119.0628
PTW,40.2394,-75.5567
PUB,38.2892,-104.4964
PUC,39.6139,-110.7514
PUJ,33.9119,-84.9406
PUW,46.7439,-117.1094
PVB,42.6894,-90.4444
PVC,42.0719,-70.2214
PVD,41.7239,-71.4283
PVE,35.6564,-88.1953
PVF,38.7242,-120.7533
PVG,36.7803,-76.4489
PVJ,34.7094,-97.2233
PVU,40.2192,-111.7233
PVW,34.1681,-101.7172
PWA,35.5342,-97.6469
PWC,46.7247,-94.3817
PWD,48.7886,-104.5231
PWG,31.485,-97.3167
PWK,42.1142,-87.9014
PWM,43.6461,-70.3092
PWT,47.4903,-122.7647
PXE,32.5106,-83.7672
PXK,63.0244,-145.5006
PYG,34.7422,-80.3453
PYM,41.9089,-70.7289
PYN,37.1261,-90.7136
PYP,34.09,-85.61
PYX,36.4128,-100.7517
PZQ,45.4072,-83.8128
RAC,42.7611,-87.8139
RAL,33.9519,-117.445
RAP,44.0453,-103.0572
RAS,27.8119,-97.0889
RAW,38.3469,-93.3456
RBD,32.6808,-96.8683
RBE,42.5711,-99.5694
RBG,43.2389,-123.3558
RBL,40.1506,-122.2522
RBM,34.85,-92.3003
RBO,27.7786,-97.6906
RBW,32.9211,-80.6406
RBY,64.7272,-155.47
RCA,44.145,-103.1036
RCE,35.4881,-97.8236
RCK,30.6317,-96.9897
RCM,38.7842,-93.8028
RCR,41.0656,-86.1817
RCT,43.9,-85.5167
RCX,45.4969,-91.0006
RCZ,34.8914,-79.7597
RDD,40.5089,-122.2933
RDG,40.3786,-75.9653
RDK,41.0108,-95.2589
RDM,44.2542,-121.15
RDR,47.9611,-97.4011
RDU,35.8778,-78.7875
RDV,61.7881,-157.3503
RED,45.1875,-109.2675
REI,34.0853,-117.1464
REO,42.5778,-117.8856
RFD,42.1953,-89.0972
RFG,28.2936,-97.3231
RFI,32.1417,-94.8517
RGK,44.5894,-92.485
RHI,45.6311,-89.4675
RHP,35.1953,-83.8631
RHV,37.3328,-121.8197
RIC,37.5053,-77.3197
RID,39.7572,-84.8428
RIF,38.7364,-112.0989
RIL,39.5264,-107.7269
RIR,33.9889,-117.41
RIU,38.4867,-121.1028
RIV,33.8808,-117.2594
RIW,43.0642,-108.4597
RJD,38.97,-75.8664
RKD,44.06,-69.0992
RKP,28.0867,-97.0447
RKR,35.0217,-94.6211
RKS,41.5942,-109.0653
RKW,35.9222,-84.6897
RLD,46.3056,-119.3042
RME,43.2339,-75.4069
RMG,34.3508,-85.1586
RMN,38.3981,-77.4556
RMP,65.5078,-150.1408
RMY,42.2511,-84.9556
RNC,35.6986,-85.8439
RND,29.5289,-98.2781
RNH,45.1478,-92.5392
RNM,33.0392,-116.9153
RNO,39.4992,-119.7681
RNP,42.9931,-84.1386
RNT,47.4931,-122.2158
RNV,33.7611,-90.7578
ROA,37.3256,-79.9756
ROC,43.1189,-77.6725
ROG,36.3725,-94.1069
ROS,45.6972,-92.9522
ROW,33.3017,-104.5306
ROX,48.8561,-95.6972
RPB,39.8178,-97.6594
RPD,45.42,-91.7733
RPH,33.1108,-98.5547
RPJ,41.8931,-89.0783
RPX,46.475,-108.5433
RQB,43.7225,-85.5042
RQE,35.6519,-109.0675
RQO,35.4728,-98.0058
RRL,45.1989,-89.7128
RRQ,43.4522,-96.1797
RRT,48.9414,-95.3483
RSH,61.775,-161.3194
RSL,38.8714,-98.8117
RSN,32.5147,-92.5883
RST,43.9083,-92.5
RSV,39.0161,-87.6497
RSW,26.5362,-81.7553
RTN,36.7417,-104.5022
RTS,39.6681,-119.8764
RUE,35.2592,-93.0933
RUG,48.3903,-100.0242
RUQ,35.6458,-80.5203
RUT,43.53,-72.9497
RVJ,32.0589,-82.1517
RVL,40.6775,-77.6269
RVN,36.4575,-82.885
RVR,18.2453,-65.6433
RVS,36.0397,-95.9847
RWF,44.5469,-95.0819
RWI,35.8564,-77.8919
RWL,41.8056,-107.2
RWN,41.0922,-86.6128
RWV,30.5156,-96.7042
RXE,43.8339,-111.805
RYM,46.0911,-94.3606
RYN,32.1422,-111.1744
RYV,43.1697,-88.7233
RYW,30.4986,-97.9694
RYY,34.0133,-84.5969
RZL,40.9478,-87.1825
RZN,45.8228,-92.3725
RZT,39.4406,-83.0231
RZZ,36.4394,-77.7094
SAA,41.445,-106.8236
SAC,38.5125,-121.4933
SAD,32.8533,-109.635
SAF,35.6172,-106.0894
SAN,32.7336,-117.1897
SAR,38.1489,-89.6986
SAS,33.2411,-115.9525
SAT,29.5336,-98.4697
SAV,32.1275,-81.2022
SAW,46.3536,-87.3953
SAZ,46.3808,-94.8067
SBA,34.4261,-119.8414
SBD,34.0953,-117.235
SBM,43.7692,-87.8522
SBN,41.7083,-86.3172
SBO,32.6092,-82.37
SBP,35.2372,-120.6425
SBS,40.5161,-106.8664
SBU,43.5953,-94.0928
SBX,48.5406,-111.8711
SBY,38.3406,-75.5103
SCB,41.6103,-96.63
SCC,70.1947,-148.4653
SCD,33.1719,-86.3056
SCH,42.8525,-73.9289
SCK,37.8942,-121.2383
SCM,61.8444,-165.5739
SCX,36.4556,-84.5858
SDA,40.7517,-95.4136
SDC,43.2347,-77.1194
SDF,38.1742,-85.7364
SDL,33.6228,-111.9106
SDM,32.5722,-116.9803
SDP,55.3136,-160.5214
SDY,47.7069,-104.1925
SEA,47.45,-122.3117
SEE,32.8261,-116.9725
SEF,27.4564,-81.3425
SEG,40.8211,-76.8642
SEM,32.3439,-86.9878
SEP,32.2153,-98.1778
SEQ,29.5658,-97.9083
SER,38.9247,-85.9083
SET,38.9297,-90.43
SEZ,34.8486,-111.7883
SFB,28.7767,-81.2356
SFF,47.6828,-117.3225
SFM,43.3939,-70.7081
SFO,37.6189,-122.375
SFQ,36.6822,-76.6019
SFY,42.0458,-90.1081
SFZ,41.9208,-71.4914
SGF,37.2456,-93.3886
SGH,39.8403,-83.8403
SGJ,29.9592,-81.3397
SGR,29.6222,-95.6567
SGS,44.8572,-93.0328
SGT,34.5994,-91.575
SGU,37.0906,-113.5931
SGY,59.46,-135.3156
SHD,38.2639,-78.8964
SHG,66.8881,-157.1625
SHH,66.2494,-166.0894
SHL,43.2083,-95.8333
SHN,47.2336,-123.1475
SHR,44.7692,-106.9803
SHV,32.4467,-93.8256
SHX,62.6922,-159.5692
SIF,36.4372,-79.8511
SIG,18.4568,-66.0981
SIK,36.8989,-89.5617
SIT,57.0472,-135.3617
SIV,39.1147,-87.4483
SIY,41.7814,-122.4681
SJC,37.3628,-121.9292
SJN,34.5186,-109.3789
SJT,31.3578,-100.4964
SJU,18.4394,-66.0019
SJX,45.6922,-85.5667
SKA,47.615,-117.6558
SKF,29.3842,-98.5811
SKI,42.3792,-94.9797
SKW,61.9653,-151.1914
SKX,36.4581,-105.6725
SKY,41.4333,-82.6522
SLB,42.5972,-95.2406
SLC,40.7883,-111.9778
SLE,44.9094,-123.0025
SLG,36.1919,-94.49
SLH,45.6536,-84.5192
SLI,33.79,-118.0514
SLJ,31.1739,-89.1911
SLK,44.3853,-74.2061
SLN,38.7908,-97.6522
SLO,38.6428,-88.9642
SLQ,61.7006,-157.1658
SLR,33.1597,-95.6211
SMD,41.1433,-85.1528
SME,37.0536,-84.6156
SMF,38.6956,-121.5908
SMK,63.49,-162.1103
SMN,45.1239,-113.8814
SMO,34.0158,-118.4514
SMQ,40.6261,-74.6703
SMS,33.995,-80.3614
SMU,61.8119,-147.5069
SMX,34.8989,-120.4575
SNA,33.6756,-117.8683
SNC,41.3839,-72.5058
SNH,35.1703,-88.2167
SNK,32.6933,-100.9506
SNL,35.3578,-96.9428
SNP,57.1672,-170.2206
SNS,36.6628,-121.6064
SNY,41.0997,-102.985
SOA,30.5856,-100.6486
SOP,35.2375,-79.3889
SOV,59.4425,-151.7042
SOW,34.2656,-110.0056
SOY,43.1344,-96.1875
SPA,34.9158,-81.9564
SPB,45.7711,-122.8619
SPF,44.4803,-103.7831
SPG,27.7651,-82.6269
SPH,32.9833,-93.4092
SPI,39.8442,-89.6781
SPS,33.9889,-98.4919
SPW,43.1656,-95.2028
SPZ,39.4031,-119.2511
SQI,41.7428,-89.6764
SQL,37.5119,-122.2494
SRB,36.0558,-85.5308
SRC,35.2106,-91.7375
SRE,35.2747,-96.6753
SRQ,27.3954,-82.5544
SRR,33.4628,-105.5347
SRV,61.7897,-156.5886
SSC,33.9728,-80.4706
SSF,29.3369,-98.4711
SSI,31.1519,-81.3911
SSQ,45.7314,-91.9206
STC,45.5467,-94.06
STE,44.545,-89.5303
STF,33.4331,-88.8486
STJ,39.7719,-94.9097
STK,40.6153,-103.2647
STL,38.7486,-90.37
STP,44.9347,-93.0603
STS,38.5089,-122.8128
STT,18.3373,-64.9733
STX,17.7016,-64.8017
SUA,27.1817,-80.2214
SUD,35.7894,-96.6556
SUE,44.8436,-87.4217
SUN,43.5039,-114.2956
SUS,38.6622,-90.6519
SUT,33.9294,-78.0747
SUU,38.2628,-121.9275
SUW,46.6897,-92.0947
SUX,42.4025,-96.3844
SUZ,34.5903,-92.4794
SVA,63.6864,-170.4928
SVC,32.6367,-108.1564
SVE,40.3756,-120.5728
SVH,35.765,-80.9539
SVN,32.01,-81.1461
SVS,66.0169,-149.0544
SVW,61.0975,-155.5742
SWD,60.1269,-149.4189
SWF,41.5042,-74.1047
SWI,33.6242,-96.5861
SWO,36.1611,-97.0856
SWT,40.8647,-97.1092
SWW,32.4675,-100.4667
SXL,38.2317,-80.8708
SXP,62.5206,-164.8478
SXQ,60.475,-151.0383
SXU,34.9356,-104.6425
SYA,52.7122,-174.1136
SYF,39.7611,-101.7958
SYI,35.5594,-86.4425
SYN,44.4756,-93.0164
SYR,43.1111,-76.1064
SYV,31.5564,-83.8942
SZL,38.7303,-93.5481
SZN,34.0606,-119.915
SZP,34.3472,-119.0611
SZT,48.2994,-116.56
SZY,35.2031,-88.4983
TAD,37.2594,-104.3406
TAL,65.1744,-152.1094
TAN,41.8744,-71.0167
TAZ,39.5325,-89.3306
TBN,37.7417,-92.1408
TBR,32.4828,-81.7369
TCC,35.1828,-103.6031
TCL,33.2206,-87.6114
TCM,47.1378,-122.4764
TCS,33.2369,-107.2717
TCT,62.9928,-156.0683
TCY,37.6889,-121.4417
TDF,36.2847,-78.9847
TDO,46.4772,-122.8064
TDW,35.17,-101.8258
TDZ,41.565,-83.4822
TEB,40.85,-74.0608
TEL,38.0178,-86.6908
TER,65.2403,-166.3394
TEW,42.5658,-84.4233
TEX,37.9539,-107.9086
TFP,27.9131,-97.2114
TGC,35.9325,-88.8489
TGI,37.825,-75.9978
THA,35.38,-86.2464
THM,47.5736,-115.2806
THP,43.6583,-108.2131
THV,39.9169,-76.8731
TIF,41.9628,-100.5703
TIK,35.4147,-97.3867
TIP,40.2936,-88.1425
TIW,47.2681,-122.5781
TIX,28.5147,-80.7992
TKA,62.3206,-150.0936
TKC,44.2492,-95.6072
TKI,33.1781,-96.5906
TKO,39.8028,-98.2211
TKV,45.4694,-89.8056
TKX,36.2258,-90.0367
TLH,30.3967,-84.3503
TLJ,62.8944,-155.9767
TLR,36.1564,-119.3261
TLT,61.0969,-160.9694
TMA,31.4289,-83.4886
TMB,25.6479,-80.4328
TME,29.805,-95.8978
TMK,45.4183,-123.8144
TNC,65.5631,-167.9217
TNI,14.9992,-145.6194
TNP,34.1317,-115.9458
TNT,25.8618,-80.8969
TNU,41.6744,-93.0217
TNW,62.5317,-153.6111
TNX,37.7947,-116.7786
TOA,33.8033,-118.3397
TOB,44.0181,-92.8314
TOC,34.5928,-83.2964
TOG,59.0536,-160.3969
TOI,31.8606,-86.0122
TOL,41.5867,-83.8078
TOP,39.0686,-95.6225
TOR,42.0644,-104.1528
TPA,27.9756,-82.5333
TPF,27.9156,-82.4492
TPH,38.0603,-117.0872
TPL,31.1525,-97.4078
TPO,60.2044,-154.3189
TQE,41.7636,-96.1781
TQH,35.9303,-95.0044
TQK,38.4742,-100.885
TRI,36.4753,-82.4075
TRK,39.32,-120.1394
TRL,32.7092,-96.2675
TRM,33.6267,-116.1597
TRX,40.0836,-93.5906
TSG,63.3744,-143.3356
TSO,40.5619,-81.0775
TSP,35.135,-118.4392
TTA,35.5825,-79.1014
TTD,45.5494,-122.4011
TTF,41.94,-83.4347
TTN,40.2767,-74.8133
TTS,28.615,-80.6944
TTW,63.3911,-148.9556
TUL,36.1983,-95.8881
TUP,34.2681,-88.77
TUS,32.1161,-110.9411
TVB,37.1325,-92.0839
TVC,44.7417,-85.5822
TVF,48.0656,-96.185
TVI,30.9017,-83.8811
TVK,40.6839,-92.9011
TVL,38.8939,-119.9953
TVR,32.3517,-91.0278
TVY,40.6125,-112.3508
TWF,42.4817,-114.4878
TWM,47.0492,-91.7453
TWT,37.5417,-87.9544
TXK,33.4536,-93.9911
TYE,61.0767,-151.1381
TYL,34.4528,-110.115
TYQ,40.0306,-86.2514
TYR,32.3542,-95.4025
TYS,35.8111,-83.9939
TZR,39.9011,-83.1369
TZT,41.8789,-92.2844
TZV,36.7289,-85.6525
UAM,13.5839,-144.93
UAO,45.2472,-122.77
UBE,45.5061,-91.9811
UBS,33.4653,-88.3803
UBW,70.3308,-149.5975
UBX,38.0689,-91.4289
UCP,41.0253,-80.4133
UCY,36.3817,-88.9856
UDD,33.7483,-116.2747
UDG,34.4494,-79.89
UES,43.0411,-88.2369
UGB,57.4253,-157.74
UGN,42.4222,-87.8678
UIL,47.9367,-124.5625
UIN,39.9431,-91.1944
UKF,36.2228,-81.0983
UKI,39.1258,-123.2008
UKL,38.3025,-95.725
UKT,40.4353,-75.3819
ULM,44.3197,-94.5022
ULS,37.6039,-101.3736
UMM,63.3314,-149.1272
UMP,39.9353,-86.045
UMT,69.3711,-152.135
UNI,39.2119,-82.2292
UNK,63.8883,-160.7989
UNO,36.8783,-91.9028
UNU,43.4264,-88.7039
UNV,40.8492,-77.8486
UOS,35.2053,-85.8981
UOX,34.3844,-89.5367
UPP,20.2652,-155.86
USE,41.61,-84.1272
UTA,34.685,-90.3478
UTO,65.9928,-153.7042
UTS,30.7469,-95.5872
UUO,61.7542,-150.0517
UUU,41.5325,-71.2817
UUV,38.2333,-91.1642
UVA,29.2114,-99.7436
UWL,39.8758,-85.3264
UXL,30.1314,-93.3761
UYF,39.9328,-83.4619
UZA,34.9878,-81.0572
VAD,30.9686,-83.1931
VAK,61.5408,-165.6008
VAY,39.9428,-74.8458
VBG,34.7297,-120.5769
VBT,36.3458,-94.2194
VBW,38.3667,-78.9603
VCB,38.3778,-121.9617
VCT,28.8525,-96.9186
VCV,34.5975,-117.3831
VDF,28.0139,-82.3453
VDI,32.1928,-82.3711
VDZ,61.1339,-146.2483
VEE,67.0086,-146.3664
VEL,40.4408,-109.51
VER,38.9467,-92.6828
VES,40.2044,-84.5319
VGC,42.8433,-75.5611
VGT,36.2106,-115.1944
VHN,31.0578,-104.7839
VIH,38.1275,-91.7694
VIQ,44.5581,-90.5122
VIS,36.3186,-119.3928
VJI,36.6872,-82.0333
VKS,32.2394,-90.9283
VKX,38.7486,-76.9558
VLA,38.9914,-89.1661
VLD,30.7814,-83.2761
VLL,42.5431,-83.1778
VMR,42.7653,-96.9342
VNC,27.0716,-82.4403
VNW,40.8647,-84.6094
VNY,34.2097,-118.49
VOK,43.9389,-90.2536
VPC,34.1231,-84.8486
VPS,30.4833,-86.5253
VPZ,41.4539,-87.0072
VQQ,30.2186,-81.8767
VQS,18.1348,-65.4936
VRB,27.6556,-80.4181
VSF,43.3436,-72.5172
VTA,40.0247,-82.4619
VTI,42.2186,-92.0258
VTN,42.8567,-100.5489
VUJ,35.4167,-80.1508
VUO,45.6206,-122.6564
VVS,39.9592,-79.6572
VVV,45.3056,-96.4244
VWU,48.1511,-94.5164
VYS,41.3519,-89.1531
WAL,37.9403,-75.4664
WAY,39.9011,-80.1306
WBB,63.5161,-162.2781
WBQ,66.3622,-147.4067
WBW,41.2972,-75.8511
WCR,67.5044,-148.4833
WDG,36.3783,-97.7889
WDR,33.9828,-83.6675
WEA,32.7464,-97.6825
WHP,34.2594,-118.4133
WJF,34.7411,-118.2186
WLD,37.1686,-97.0375
WLK,66.6,-159.9858
WLW,39.5158,-122.2172
WMC,40.8967,-117.8058
WMO,64.6892,-163.4128
WNA,60.6903,-161.9786
WRB,32.6403,-83.5919
WRG,56.4844,-132.3697
WRI,40.0156,-74.5917
WRL,43.9658,-107.9508
WSD,32.3414,-106.4028
WSM,67.4044,-150.1228
WSN,58.7022,-157.0025
WST,41.3497,-71.8033
WTK,67.5611,-162.9803
WVI,36.9358,-121.7897
WVL,44.5333,-69.6756
WWD,39.0086,-74.9083
WWR,36.4381,-99.5228
WYS,44.6883,-111.1178
XBP,33.1753,-97.8283
XFL,29.4675,-81.2064
XLL,40.5703,-75.4883
XMR,28.4678,-80.5669
XNA,36.2819,-94.3069
XNO,33.6094,-81.0811
XSA,37.8597,-76.8942
XVG,46.9903,-94.2039
YAK,59.5033,-139.6603
YIP,42.2378,-83.53
YKM,46.5681,-120.5442
YKN,42.9167,-97.3858
YNG,41.2608,-80.6792
ZEF,36.28,-80.7861
ZER,40.7064,-76.3731
ZNC,60.9806,-159.9936
ZPH,28.2281,-82.1558
ZUN,35.0833,-108.7917
ZZV,39.9444,-81.8922
